Client Database;;;;;;;;
Nama;No HP;Emaill;Alamat;Jenis Kelamin;;;;
Cagak Tarihoran ;6281382653319;Cagak21Tarihoran@comcast.net;Jr. S. Parman No. 793, Pasuruan 58607, NTT;Perempuan;;;;
Tina Pudjiastuti;6283919288919;pwibisono@saefullah.biz.id;Psr. Qrisdoren No. 860, Surabaya 82355, DKI;Perempuan;;;;
Perkasa Hidayat;6283781829919;mulya.winarno@rajasa.or.id;Dk. Wahidin Sudirohusodo No. 859, Pekanbaru 21004, Lampung;Laki-Laki;;;;
Mala Widiastuti;6281288192919;ohutapea@yahoo.com;Jr. Kyai Gede No. 486, Pematangsiantar 28423, Papua;Perempuan;;;;
Lanjar Nababan;6283781828291;ulva.wahyuni@yahoo.co.id;Jln. Tangkuban Perahu No. 414, Administrasi Jakarta Utara 83345, MalUt;Laki-Laki;;;;
;;;;;;;;
;;;;;;;;
;;;;;;;;
;;;;;;;;
;;;;;;;;
;;;;;;;;
;;;;;;;;
;;;;;;;;
;;;;;;;;
;;;;;;;;
;;;;;;;;
;;;;;;;;
;;;;;;;;
;;;;;;;;
;;;;;;;;
;;;;;;;;
;;;;;;;;
;;;;;;;;
;;;;;;;;
;;;;;;;;
;;;;;;;;
;;;;;;;;
;;;;;;;;
;;;;;;;;
;;;;;;;;
;;;;;;;;
;;;;;;;;